Workbook

Sheet dailySteps_merged
A1: Id | B1: ActivityDay | C1: StepTotal
A2: 1503960366 | B2: 42472 | C2: 13162
A3: 1503960366 | B3: 42473 | C3: 10735
A4: 1503960366 | B4: 42474 | C4: 10460
A5: 1503960366 | B5: 42475 | C5: 9762
A6: 1503960366 | B6: 42476 | C6: 12669
A7: 1503960366 | B7: 42477 | C7: 9705
A8: 1503960366 | B8: 42478 | C8: 13019
A9: 1503960366 | B9: 42479 | C9: 15506
A10: 1503960366 | B10: 42480 | C10: 10544
A11: 1503960366 | B11: 42481 | C11: 9819
A12: 1503960366 | B12: 42482 | C12: 12764
A13: 1503960366 | B13: 42483 | C13: 14371
... A941: 8877689391 | B941: 42502 | C941: 8064

Sheet Summary_Steps
A1: {=UNIQUE(dailySteps_merged!A:A)} -> Id | B1: AVG steps per user | C1: Segmentation | D1: Activity level
A2: 1503960366 | B2: =AVERAGEIF(dailySteps_merged!A:A, A2, dailySteps_merged!C:C) -> 12116.742 | C2: =IF(B2<5000,"Low",IF(B2<=8000,"Moderate","High")) -> High | D2: Low | E2: Moderate | F2: High
A3: 1624580081 | B3: =AVERAGEIF(dailySteps_merged!A:A, A3, dailySteps_merged!C:C) -> 5743.9032 | C3: =IF(B3<5000,"Low",IF(B3<=8000,"Moderate","High")) -> Moderate | D3: =COUNTIF(C2:C34,"Low") -> 8 | E3: =COUNTIF(C2:C34,"Moderate") -> 11 | F3: =COUNTIF(C2:C34,"High") -> 14
A4: 1644430081 | B4: =AVERAGEIF(dailySteps_merged!A:A, A4, dailySteps_merged!C:C) -> 7282.9667 | C4: =IF(B4<5000,"Low",IF(B4<=8000,"Moderate","High")) -> Moderate
A5: 1844505072 | B5: =AVERAGEIF(dailySteps_merged!A:A, A5, dailySteps_merged!C:C) -> 2580.0645 | C5: =IF(B5<5000,"Low",IF(B5<=8000,"Moderate","High")) -> Low
A6: 1927972279 | B6: =AVERAGEIF(dailySteps_merged!A:A, A6, dailySteps_merged!C:C) -> 916.12903 | C6: =IF(B6<5000,"Low",IF(B6<=8000,"Moderate","High")) -> Low
A7: 2022484408 | B7: =AVERAGEIF(dailySteps_merged!A:A, A7, dailySteps_merged!C:C) -> 11370.645 | C7: =IF(B7<5000,"Low",IF(B7<=8000,"Moderate","High")) -> High
A8: 2026352035 | B8: =AVERAGEIF(dailySteps_merged!A:A, A8, dailySteps_merged!C:C) -> 5566.871 | C8: =IF(B8<5000,"Low",IF(B8<=8000,"Moderate","High")) -> Moderate
A9: 2320127002 | B9: =AVERAGEIF(dailySteps_merged!A:A, A9, dailySteps_merged!C:C) -> 4716.871 | C9: =IF(B9<5000,"Low",IF(B9<=8000,"Moderate","High")) -> Low
A10: 2347167796 | B10: =AVERAGEIF(dailySteps_merged!A:A, A10, dailySteps_merged!C:C) -> 9519.6667 | C10: =IF(B10<5000,"Low",IF(B10<=8000,"Moderate","High")) -> High
A11: 2873212765 | B11: =AVERAGEIF(dailySteps_merged!A:A, A11, dailySteps_merged!C:C) -> 7555.7742 | C11: =IF(B11<5000,"Low",IF(B11<=8000,"Moderate","High")) -> Moderate
A12: 3372868164 | B12: =AVERAGEIF(dailySteps_merged!A:A, A12, dailySteps_merged!C:C) -> 6861.65 | C12: =IF(B12<5000,"Low",IF(B12<=8000,"Moderate","High")) -> Moderate
A13: 3977333714 | B13: =AVERAGEIF(dailySteps_merged!A:A, A13, dailySteps_merged!C:C) -> 10984.567 | C13: =IF(B13<5000,"Low",IF(B13<=8000,"Moderate","High")) -> High
A14: 4020332650 | B14: =AVERAGEIF(dailySteps_merged!A:A, A14, dailySteps_merged!C:C) -> 2267.2258 | C14: =IF(B14<5000,"Low",IF(B14<=8000,"Moderate","High")) -> Low
A15: 4057192912 | B15: =AVERAGEIF(dailySteps_merged!A:A, A15, dailySteps_merged!C:C) -> 3838 | C15: =IF(B15<5000,"Low",IF(B15<=8000,"Moderate","High")) -> Low
... A34: 8877689391 | B34: =AVERAGEIF(dailySteps_merged!A:A, A34, dailySteps_merged!C:C) -> 16040.032 | C34: =IF(B34<5000,"Low",IF(B34<=8000,"Moderate","High")) -> High
